"Date","Price","Open","High","Low","Vol.","Change %"
"Feb 26, 2018","480.55","481.15","483.00","476.00","18.30M","0.93"
"Feb 23, 2018","476.10","472.00","476.50","468.26","26.45M","0.46"
"Feb 22, 2018","473.90","468.90","474.40","466.40","44.81M","0.36"
"Feb 21, 2018","472.20","473.75","475.00","469.96","24.25M","-0.59"
"Feb 20, 2018","475.00","476.45","478.40","473.45","24.47M","0.20"
"Feb 19, 2018","474.05","474.65","478.75","473.15","21.31M","0.14"
"Feb 16, 2018","473.40","473.30","479.29","470.30","27.51M","0.78"
"Feb 15, 2018","469.75","472.65","478.05","467.10","32.06M","-1.08"
"Feb 14, 2018","474.90","477.00","478.80","472.25","35.74M","-0.22"
"Feb 13, 2018","475.95","477.20","480.84","474.85","30.08M","-0.60"
"Feb 12, 2018","478.80","476.90","482.15","474.25","40.85M","1.86"
"Feb 09, 2018","470.05","477.95","479.35","466.80","42.02M","-2.30"
"Feb 08, 2018","481.10","482.70","507.42","477.00","43.95M","-0.80"
"Feb 07, 2018","485.00","485.55","490.85","476.85","51.48M","2.11"
"Feb 06, 2018","475.00","457.95","490.00","452.50","64.82M","-1.46"
"Feb 05, 2018","482.05","484.55","489.45","475.00","42.99M","-1.51"
"Feb 02, 2018","489.45","504.30","505.70","489.05","35.46M","-2.40"
"Feb 01, 2018","501.50","506.60","509.30","500.80","25.42M","0.08"
"Jan 31, 2018","501.10","507.70","508.10","500.40","37.10M","-1.34"
"Jan 30, 2018","507.90","510.40","514.40","506.20","37.49M","-1.49"
"Jan 29, 2018","515.60","515.10","519.10","513.00","21.16M","-0.14"
"Jan 26, 2018","516.30","517.80","518.70","514.80","24.24M","-0.08"
"Jan 25, 2018","516.70","515.50","520.98","515.30","25.42M","0.23"
"Jan 24, 2018","515.50","516.10","520.71","514.10","41.76M","-0.04"
"Jan 23, 2018","515.70","518.10","518.10","514.70","25.23M","-0.02"
"Jan 22, 2018","515.80","511.10","517.64","508.66","30.79M","1.16"
"Jan 19, 2018","509.90","515.20","515.60","507.70","43.41M","-1.28"
"Jan 18, 2018","516.50","516.80","519.70","513.20","21.06M","0.04"
"Jan 17, 2018","516.30","516.00","519.30","512.50","28.20M","-0.39"
"Jan 16, 2018","518.30","525.00","528.30","516.10","43.83M","-2.70"
"Jan 15, 2018","532.70","533.60","534.20","531.00","18.99M","-0.39"
"Jan 12, 2018","534.80","532.20","536.20","528.26","29.88M","0.34"
"Jan 11, 2018","533.00","529.80","534.00","528.60","29.66M","0.47"
"Jan 10, 2018","530.50","528.40","531.80","528.00","24.91M","0.47"
"Jan 09, 2018","528.00","527.60","529.40","524.60","28.53M","0.11"
"Jan 08, 2018","527.40","529.40","530.56","526.90","24.45M","-0.42"
"Jan 05, 2018","529.60","530.00","531.31","526.70","23.86M","-0.08"
"Jan 04, 2018","530.00","529.10","530.87","523.29","29.50M","1.11"
"Jan 03, 2018","524.20","519.20","525.60","518.80","25.99M","1.29"
"Jan 02, 2018","517.50","524.20","524.34","511.10","22.33M","-0.99"
"Dec 29, 2017","522.70","517.50","523.50","517.40","11.60M","0.79"
"Dec 28, 2017","518.60","519.20","520.16","516.90","12.18M","-0.02"
"Dec 27, 2017","518.70","518.20","520.16","517.30","21.64M","0.29"
"Dec 22, 2017","517.20","518.90","519.00","514.50","9.76M","-0.44"
"Dec 21, 2017","519.50","508.50","520.20","482.70","30.07M","2.12"
"Dec 20, 2017","508.70","508.00","511.70","482.70","35.99M","0.18"
"Dec 19, 2017","507.80","508.60","511.90","482.70","30.28M","-0.37"
"Dec 18, 2017","509.70","506.60","511.60","482.70","27.59M","0.89"
"Dec 15, 2017","505.20","505.10","511.60","482.70","52.24M","0.24"
"Dec 14, 2017","504.00","505.00","511.60","482.70","36.23M","-0.28"
"Dec 13, 2017","505.40","509.70","511.60","482.70","49.66M","-1.10"
"Dec 12, 2017","511.00","499.80","511.10","482.70","44.46M","2.47"
"Dec 11, 2017","498.70","492.35","499.75","492.20","35.03M","1.21"
"Dec 08, 2017","492.75","488.00","496.00","482.65","59.30M","0.93"
"Dec 07, 2017","488.20","493.25","496.00","487.95","29.19M","-1.22"
"Dec 06, 2017","494.25","490.35","496.15","490.20","31.77M","0.51"
"Dec 05, 2017","491.75","493.05","496.00","490.50","49.20M","-0.25"
"Dec 04, 2017","493.00","495.30","496.35","490.35","34.22M","0.20"
"Dec 01, 2017","492.00","492.95","496.00","490.35","38.81M","0.59"
"Nov 30, 2017","489.10","493.00","495.80","489.10","59.59M","-1.09"
"Nov 29, 2017","494.50","497.50","500.40","492.75","36.88M","-1.38"
"Nov 28, 2017","501.40","495.30","503.30","495.30","34.06M","1.05"
"Nov 27, 2017","496.20","500.00","503.20","496.20","24.31M","-1.02"
"Nov 24, 2017","501.30","501.40","501.70","497.45","17.11M","0.08"
"Nov 23, 2017","500.90","497.20","501.90","495.35","22.15M","0.61"
"Nov 22, 2017","497.85","497.00","499.55","495.35","32.20M","0.72"
"Nov 21, 2017","494.30","492.15","498.15","489.56","37.85M","0.47"
"Nov 20, 2017","492.00","492.95","494.80","489.40","23.30M","-0.22"
"Nov 17, 2017","493.10","490.15","495.05","488.05","21.88M","0.40"
"Nov 16, 2017","491.15","497.60","500.20","490.45","38.13M","-0.78"
"Nov 15, 2017","495.00","499.75","500.70","493.15","32.79M","-1.59"
"Nov 14, 2017","503.00","506.00","508.00","502.00","25.72M","-0.77"
"Nov 13, 2017","506.90","508.60","516.85","506.72","22.43M","0.00"
"Nov 10, 2017","506.90","516.00","517.50","506.90","25.15M","-1.50"
"Nov 09, 2017","514.60","518.60","520.60","514.20","35.04M","-1.81"
"Nov 08, 2017","524.10","525.00","525.90","521.50","41.75M","-0.11"
"Nov 07, 2017","524.70","524.90","529.00","522.60","38.00M","0.69"
"Nov 06, 2017","521.10","516.50","522.20","515.20","28.92M","0.83"
"Nov 03, 2017","516.80","518.50","521.30","514.40","25.32M","-0.25"
"Nov 02, 2017","518.10","512.60","519.60","509.60","35.25M","0.80"
"Nov 01, 2017","514.00","519.90","519.90","512.10","43.85M","0.74"
"Oct 31, 2017","510.20","522.00","522.22","501.52","64.58M","1.71"
"Oct 30, 2017","501.60","497.90","504.35","496.77","38.47M","0.74"
"Oct 27, 2017","497.90","488.15","497.90","488.15","30.76M","1.61"
"Oct 26, 2017","490.00","488.10","491.00","486.98","25.98M","0.46"
"Oct 25, 2017","487.75","494.40","495.60","486.60","25.73M","-1.71"
"Oct 24, 2017","496.25","489.10","497.70","489.10","28.45M","1.08"
"Oct 23, 2017","490.95","490.60","492.50","487.00","20.73M","-0.19"
"Oct 20, 2017","491.90","492.55","493.95","489.72","26.14M","-0.05"
"Oct 19, 2017","492.15","488.75","492.35","486.90","48.62M","0.85"
"Oct 18, 2017","488.00","490.65","494.24","487.25","23.96M","-0.53"
"Oct 17, 2017","490.60","491.95","494.70","489.35","26.51M","-0.18"
"Oct 16, 2017","491.50","491.80","494.30","491.15","27.24M","0.14"
"Oct 13, 2017","490.80","490.65","496.92","489.99","19.47M","-0.13"
"Oct 12, 2017","491.45","489.80","491.80","488.17","19.45M","0.57"
"Oct 11, 2017","488.65","490.05","491.80","487.80","29.71M","-0.27"
"Oct 10, 2017","489.95","487.10","491.64","485.70","26.03M","0.75"
"Oct 09, 2017","486.30","487.10","488.31","482.99","25.32M","-0.38"
"Oct 06, 2017","488.15","490.00","490.95","486.60","23.42M","-0.46"
"Oct 05, 2017","490.40","485.00","490.40","484.85","23.48M","0.96"
"Oct 04, 2017","485.75","485.65","487.10","483.10","33.11M","-0.13"
"Oct 03, 2017","486.40","480.75","486.70","478.80","33.90M","1.33"
"Oct 02, 2017","480.00","480.05","481.65","477.10","53.86M","0.57"
"Sep 29, 2017","477.30","477.35","480.60","475.20","26.84M","0.26"
"Sep 28, 2017","476.05","472.95","476.85","471.00","26.77M","0.63"
"Sep 27, 2017","473.05","472.00","473.95","468.70","37.32M","0.32"
"Sep 26, 2017","471.55","473.85","476.10","470.11","31.66M","-0.18"
"Sep 25, 2017","472.40","464.10","473.85","463.30","32.75M","1.24"
"Sep 22, 2017","466.60","463.35","468.65","461.15","28.22M","0.67"
"Sep 21, 2017","463.50","461.15","463.70","460.00","39.88M","0.89"
"Sep 20, 2017","459.40","456.25","459.40","454.05","23.88M","0.72"
"Sep 19, 2017","456.10","450.95","457.40","450.65","26.99M","1.18"
"Sep 18, 2017","450.80","450.50","454.65","449.45","24.91M","0.57"
"Sep 15, 2017","448.25","450.40","451.35","445.10","55.60M","-0.76"
"Sep 14, 2017","451.70","453.00","457.65","450.15","35.87M","-0.14"
"Sep 13, 2017","452.35","447.30","454.35","446.60","40.55M","0.77"
"Sep 12, 2017","448.90","450.05","450.15","446.20","20.49M","-0.04"
"Sep 11, 2017","449.10","448.40","450.90","445.65","18.70M","0.67"
"Sep 08, 2017","446.10","449.90","450.85","445.30","15.90M","-0.84"
"Sep 07, 2017","449.90","447.50","451.88","447.21","23.73M","0.71"
"Sep 06, 2017","446.75","445.00","448.15","441.05","30.45M","0.01"
"Sep 05, 2017","446.70","447.00","449.85","445.31","29.58M","0.06"
"Sep 04, 2017","446.45","443.10","448.17","442.48","15.35M","0.38"
"Sep 01, 2017","444.75","447.15","448.30","442.80","18.85M","-0.09"
"Aug 31, 2017","445.15","442.80","446.70","440.75","37.73M","0.74"
"Aug 30, 2017","441.90","442.15","444.15","440.00","19.38M","0.34"
"Aug 29, 2017","440.40","446.05","446.05","437.15","27.70M","-1.14"
"Aug 25, 2017","445.50","445.60","449.82","444.35","15.41M","0.53"
"Aug 24, 2017","443.15","445.40","448.96","442.33","28.04M","-0.30"
"Aug 23, 2017","444.50","442.65","444.85","440.49","22.98M","0.52"
"Aug 22, 2017","442.20","441.65","449.99","441.30","25.61M","0.47"
"Aug 21, 2017","440.15","440.70","442.95","437.95","32.83M","0.03"
"Aug 18, 2017","440.00","441.75","443.10","438.25","27.04M","-0.72"
"Aug 17, 2017","443.20","443.30","447.50","442.35","22.13M","-0.51"
"Aug 16, 2017","445.45","446.60","449.65","445.25","26.65M","0.30"
"Aug 15, 2017","444.10","446.05","449.00","443.25","18.93M","-0.45"
"Aug 14, 2017","446.10","448.50","449.60","444.60","24.94M","-0.37"
"Aug 11, 2017","447.75","452.80","453.65","447.71","29.10M","-2.18"
"Aug 10, 2017","457.75","462.95","463.60","456.90","27.17M","-2.37"
"Aug 09, 2017","468.85","469.15","471.55","467.85","20.58M","-0.49"
"Aug 08, 2017","471.15","468.25","473.40","468.25","23.64M","0.58"
"Aug 07, 2017","468.45","464.05","470.12","460.60","43.69M","1.11"
"Aug 04, 2017","463.30","457.85","465.00","457.65","17.13M","0.59"
"Aug 03, 2017","460.60","457.45","461.37","453.58","29.93M","0.28"
"Aug 02, 2017","459.30","456.85","459.70","450.55","31.90M","0.62"
"Aug 01, 2017","456.45","455.00","462.90","452.45","42.30M","2.39"
"Jul 31, 2017","445.80","445.55","449.35","444.15","31.20M","0.48"
"Jul 28, 2017","443.65","442.30","445.60","439.75","26.00M","-0.24"
"Jul 27, 2017","444.70","444.00","447.80","442.60","27.44M","-0.10"
"Jul 26, 2017","445.15","447.05","449.85","444.65","22.51M","-0.29"
"Jul 25, 2017","446.45","442.00","447.65","441.25","29.06M","1.52"
"Jul 24, 2017","439.75","443.70","444.13","436.91","48.46M","-1.47"
"Jul 21, 2017","446.30","449.85","454.40","444.95","23.46M","-0.88"
"Jul 20, 2017","450.25","448.55","454.05","447.35","24.56M","0.96"
"Jul 19, 2017","445.95","448.00","448.20","442.95","19.74M","0.11"
"Jul 18, 2017","445.45","445.80","450.25","442.75","21.33M","-0.54"
"Jul 17, 2017","447.85","446.00","451.00","446.00","25.59M","0.69"
"Jul 14, 2017","444.80","447.75","448.25","443.25","35.07M","-0.46"
"Jul 13, 2017","446.85","450.10","450.55","445.65","43.16M","-0.84"
"Jul 12, 2017","450.65","445.15","454.70","445.00","28.32M","1.85"
"Jul 11, 2017","442.45","444.25","444.85","438.10","23.68M","-0.29"
"Jul 10, 2017","443.75","447.05","447.45","441.50","18.33M","-0.06"
"Jul 07, 2017","444.00","443.40","446.10","440.65","30.71M","-0.43"
"Jul 06, 2017","445.90","445.90","448.60","441.25","26.49M","0.39"
"Jul 05, 2017","444.15","450.80","451.90","442.90","25.37M","-1.30"
"Jul 04, 2017","450.00","450.10","451.31","447.85","19.88M","-0.29"
"Jul 03, 2017","451.30","444.00","453.05","443.10","24.31M","1.92"
"Jun 30, 2017","442.80","446.00","448.95","440.45","35.35M","-1.58"
"Jun 29, 2017","449.90","455.80","458.05","449.90","27.73M","-1.19"
"Jun 28, 2017","455.30","457.85","462.15","452.95","24.33M","-1.09"
"Jun 27, 2017","460.30","457.55","462.20","456.00","21.91M","0.55"
"Jun 26, 2017","457.80","457.60","460.55","454.50","19.03M","0.32"
"Jun 23, 2017","456.35","453.55","457.10","450.45","21.22M","-0.09"
"Jun 22, 2017","456.75","455.55","458.25","450.00","40.08M","0.01"
"Jun 21, 2017","456.70","460.45","461.20","454.15","33.82M","-0.77"
"Jun 20, 2017","460.25","472.35","475.63","459.40","34.72M","-2.62"
"Jun 19, 2017","472.65","469.70","474.70","468.30","18.44M","1.29"
"Jun 16, 2017","466.65","463.10","468.55","462.05","65.40M","1.24"
"Jun 15, 2017","460.95","460.50","467.00","455.90","37.50M","-0.14"
"Jun 14, 2017","461.60","470.10","470.75","461.45","35.60M","-1.82"
"Jun 13, 2017","470.15","474.00","474.20","468.30","19.70M","-0.16"
"Jun 12, 2017","470.90","471.65","475.15","464.20","28.06M","0.66"
"Jun 09, 2017","467.80","460.00","468.30","459.20","31.34M","2.51"
"Jun 08, 2017","456.35","455.45","459.75","453.75","35.09M","-0.10"
"Jun 07, 2017","456.80","468.85","469.00","456.55","46.56M","-1.74"
"Jun 06, 2017","464.90","463.00","466.00","458.60","33.68M","0.18"
"Jun 05, 2017","464.05","465.00","469.50","463.35","29.30M","0.28"
"Jun 02, 2017","462.75","469.50","470.65","462.17","43.32M","-1.54"
"Jun 01, 2017","470.00","470.55","471.90","466.70","28.84M","0.71"
"May 31, 2017","466.70","472.00","474.30","466.47","99.49M","-1.14"
"May 30, 2017","472.10","473.40","476.50","471.05","30.40M","-0.52"
"May 26, 2017","474.55","470.20","475.70","469.03","31.71M","0.31"
"May 25, 2017","473.10","477.20","478.00","471.30","29.56M","-1.13"
"May 24, 2017","478.50","475.20","479.39","474.20","32.32M","0.90"
"May 23, 2017","474.25","474.40","476.90","473.10","28.41M","0.06"
"May 22, 2017","473.95","473.45","478.00","472.30","41.41M","0.38"
"May 19, 2017","472.15","471.05","475.45","469.25","40.99M","0.67"
"May 18, 2017","469.00","468.60","470.15","461.00","52.09M","-0.32"
"May 17, 2017","470.50","466.90","472.10","466.05","41.22M","0.27"
"May 16, 2017","469.25","457.64","471.95","457.64","55.09M","1.09"
"May 15, 2017","464.20","463.00","468.62","458.12","39.00M","0.91"
"May 12, 2017","460.00","455.55","460.00","454.90","56.78M","0.89"
"May 11, 2017","455.95","454.80","462.00","453.35","76.87M","-1.00"
"May 10, 2017","460.55","456.70","463.15","455.70","34.76M","1.05"
"May 09, 2017","455.75","457.00","458.65","454.85","23.83M","0.29"
"May 08, 2017","454.45","453.00","456.40","450.60","34.79M","0.69"
"May 05, 2017","451.35","440.00","451.40","437.68","42.44M","1.47"
"May 04, 2017","444.80","449.00","453.20","441.64","44.76M","-0.41"
"May 03, 2017","446.65","449.35","449.80","445.40","35.56M","-0.66"
"May 02, 2017","449.60","451.00","455.65","448.10","47.71M","1.60"
"Apr 28, 2017","442.50","446.45","453.57","442.40","32.90M","-0.03"
"Apr 27, 2017","442.65","450.15","453.65","441.10","29.58M","-2.42"
"Apr 26, 2017","453.65","449.80","454.74","446.45","35.82M","0.98"
"Apr 25, 2017","449.25","450.75","451.00","448.14","31.21M","-0.01"
"Apr 24, 2017","449.30","447.95","452.35","445.20","27.79M","1.79"
"Apr 21, 2017","441.40","445.25","450.03","440.90","40.29M","-1.18"
"Apr 20, 2017","446.65","445.80","455.00","443.49","35.09M","-0.26"
"Apr 19, 2017","447.80","448.00","451.25","445.62","48.39M","-1.06"
"Apr 18, 2017","452.60","465.55","466.55","452.60","57.27M","-3.93"
"Apr 13, 2017","471.10","472.15","475.00","464.80","34.52M","-0.30"
"Apr 12, 2017","472.50","474.00","476.40","470.90","27.34M","0.38"
"Apr 11, 2017","470.70","468.00","474.90","466.45","30.22M","0.22"
"Apr 10, 2017","469.65","470.45","471.15","459.09","17.23M","-0.16"
"Apr 07, 2017","470.40","466.25","470.61","464.40","33.38M","1.28"
"Apr 06, 2017","464.45","467.06","467.06","457.70","36.86M","-0.16"
"Apr 05, 2017","465.20","466.20","471.66","465.10","37.58M","0.33"
"Apr 04, 2017","463.65","462.50","464.30","457.90","31.41M","1.66"
"Apr 03, 2017","456.10","460.35","464.00","456.10","27.67M","-0.32"
"Mar 31, 2017","457.55","460.55","463.80","457.50","38.92M","-0.89"
"Mar 30, 2017","461.65","462.75","466.00","453.85","37.59M","0.10"
"Mar 29, 2017","461.20","455.10","461.35","452.95","31.00M","1.71"
"Mar 28, 2017","453.45","448.80","453.91","446.80","28.91M","1.24"
"Mar 27, 2017","447.90","448.40","450.25","444.50","30.75M","-0.87"
"Mar 24, 2017","451.85","452.09","457.05","449.90","28.07M","-1.04"
"Mar 23, 2017","456.60","455.30","456.65","450.57","31.62M","0.41"
"Mar 22, 2017","454.75","458.10","458.31","452.70","35.80M","-0.79"
"Mar 21, 2017","458.35","462.15","464.70","456.25","32.63M","-0.60"
"Mar 20, 2017","461.10","461.20","461.45","456.85","66.56M","-0.41"
"Mar 17, 2017","463.00","457.20","463.45","456.70","67.14M","0.82"
"Mar 16, 2017","459.25","460.35","464.80","456.15","55.07M","0.68"
"Mar 15, 2017","456.15","460.00","463.75","456.15","45.69M","-0.19"
"Mar 14, 2017","457.00","462.70","466.70","455.85","33.88M","-1.40"
"Mar 13, 2017","463.50","466.05","470.94","461.95","53.74M","-1.53"
"Mar 10, 2017","470.70","456.80","474.55","455.80","105.66M","3.68"
"Mar 09, 2017","454.00","455.95","457.31","448.00","62.24M","-1.45"
"Mar 08, 2017","460.70","464.10","464.10","460.15","26.15M","-0.50"
"Mar 07, 2017","463.00","462.35","465.85","461.35","45.49M","0.04"
"Mar 06, 2017","462.80","462.60","463.00","457.50","22.33M","-0.27"
"Mar 03, 2017","464.05","463.60","466.50","461.77","23.47M","-0.17"
"Mar 02, 2017","464.85","464.90","467.75","463.06","40.04M","0.05"
"Mar 01, 2017","464.60","458.95","472.60","455.55","54.58M","2.44"
"Feb 28, 2017","453.55","454.00","455.65","450.00","49.81M","0.45"
"Feb 27, 2017","451.50","450.00","453.65","447.79","34.73M","0.98"
"Feb 24, 2017","447.10","449.95","451.27","443.40","29.92M","-0.73"
"Feb 23, 2017","450.40","448.85","453.40","447.83","35.88M","0.60"
"Feb 22, 2017","447.70","452.00","454.00","445.50","35.99M","-0.69"
"Feb 21, 2017","450.80","447.25","456.70","445.20","47.43M","1.26"
"Feb 20, 2017","445.20","447.30","449.95","444.70","27.35M","-0.18"
"Feb 17, 2017","446.00","449.05","449.35","440.80","34.02M","-0.54"
"Feb 16, 2017","448.40","451.80","454.55","448.35","29.54M","-2.00"
"Feb 15, 2017","457.55","463.65","463.65","457.55","26.74M","-0.42"
"Feb 14, 2017","459.50","460.35","462.85","458.45","18.25M","-0.02"
"Feb 13, 2017","459.60","461.65","462.50","454.77","23.65M","0.00"
"Feb 10, 2017","459.60","460.00","463.95","456.25","49.95M","0.20"
"Feb 09, 2017","458.70","460.00","463.35","455.17","37.09M","0.60"
"Feb 08, 2017","455.95","458.45","459.50","450.95","44.76M","-0.25"
"Feb 07, 2017","457.10","464.00","468.25","456.25","58.00M","-4.08"
"Feb 06, 2017","476.55","479.05","482.95","475.65","27.04M","-0.43"
"Feb 03, 2017","478.60","474.80","480.45","473.15","26.75M","1.25"
"Feb 02, 2017","472.70","472.15","476.20","470.54","32.67M","-0.04"
"Feb 01, 2017","472.90","477.55","479.00","471.40","28.29M","0.01"
"Jan 31, 2017","472.85","476.05","480.45","472.80","40.18M","-0.67"
"Jan 30, 2017","476.05","482.70","483.85","474.70","30.12M","-2.21"
"Jan 27, 2017","486.80","487.80","488.15","481.35","22.61M","0.29"
"Jan 26, 2017","485.40","489.65","490.50","485.25","27.32M","-0.54"
"Jan 25, 2017","488.05","490.70","494.10","487.85","21.97M","-0.34"
"Jan 24, 2017","489.70","488.65","493.72","484.81","26.19M","0.52"
"Jan 23, 2017","487.15","494.05","498.35","485.05","29.08M","-2.25"
"Jan 20, 2017","498.35","499.75","503.90","497.15","28.36M","-0.16"
"Jan 19, 2017","499.15","504.60","505.07","480.00","28.52M","-1.18"
"Jan 18, 2017","505.10","503.10","506.90","501.10","27.96M","0.62"
"Jan 17, 2017","502.00","511.10","512.60","502.00","33.48M","-2.07"
"Jan 16, 2017","512.60","517.30","517.70","512.10","19.44M","-1.04"
"Jan 13, 2017","518.00","515.80","521.20","515.00","28.90M","0.50"
"Jan 12, 2017","515.40","512.00","516.90","508.03","23.82M","0.41"
"Jan 11, 2017","513.30","508.30","515.50","506.60","20.64M","0.31"
"Jan 10, 2017","511.70","510.50","512.30","508.50","26.21M","-0.35"
"Jan 09, 2017","513.50","514.50","516.90","505.13","23.71M","-0.19"
"Jan 06, 2017","514.50","517.40","517.70","513.20","17.59M","-0.54"
"Jan 05, 2017","517.30","516.50","520.16","512.70","25.57M","-0.39"
"Jan 04, 2017","519.30","517.80","519.34","515.20","56.65M","0.39"
"Jan 03, 2017","517.30","511.00","520.10","510.20","30.92M","1.51"
"Dec 30, 2016","509.60","507.90","510.20","504.90","17.12M","-0.31"
"Dec 29, 2016","511.20","507.80","513.24","506.80","14.33M","0.45"
"Dec 28, 2016","508.90","505.00","510.40","500.70","22.84M","1.17"
"Dec 23, 2016","503.00","502.70","504.12","502.00","7.69M","0.00"
"Dec 22, 2016","503.00","498.00","503.00","497.25","26.30M","1.26"
"Dec 21, 2016","496.75","495.30","499.65","489.30","22.51M","0.33"
"Dec 20, 2016","495.10","490.30","496.00","487.55","21.61M","0.88"
"Dec 19, 2016","490.80","490.00","494.50","489.20","27.46M","0.22"
"Dec 16, 2016","489.70","481.75","489.80","479.50","57.42M","2.13"
"Dec 15, 2016","479.50","479.00","481.70","470.00","38.64M","-0.31"
"Dec 14, 2016","481.00","482.05","483.70","479.00","31.28M","-0.35"
"Dec 13, 2016","482.70","480.00","484.80","477.54","34.27M","-0.14"
"Dec 12, 2016","483.40","481.55","487.90","479.55","44.11M","1.51"
"Dec 09, 2016","476.20","478.50","479.01","474.35","25.34M","-0.17"
"Dec 08, 2016","477.00","472.00","477.70","470.10","24.58M","0.75"
"Dec 07, 2016","473.45","469.00","474.95","464.00","31.60M","2.14"
"Dec 06, 2016","463.55","463.00","467.40","458.95","41.46M","-0.30"
"Dec 05, 2016","464.95","461.00","468.60","460.75","35.03M","-0.36"
"Dec 02, 2016","466.65","466.40","471.21","459.89","28.69M","-0.72"
"Dec 01, 2016","470.05","473.00","478.50","463.05","54.17M","2.31"
"Nov 30, 2016","459.45","443.80","463.10","443.40","66.48M","3.82"
"Nov 29, 2016","442.55","449.80","449.80","439.65","35.54M","-2.14"
"Nov 28, 2016","452.25","453.85","454.40","447.00","22.50M","-0.59"
"Nov 25, 2016","454.95","458.25","459.00","454.25","14.39M","-0.85"
"Nov 24, 2016","458.85","458.05","460.55","456.45","12.35M","0.15"
"Nov 23, 2016","458.15","459.90","463.15","455.05","20.85M","0.42"
"Nov 22, 2016","456.25","460.45","464.55","455.15","32.89M","0.00"
"Nov 21, 2016","456.25","451.95","459.65","448.33","36.38M","1.92"
"Nov 18, 2016","447.65","447.20","449.40","441.85","37.78M","0.10"
"Nov 17, 2016","447.20","441.80","450.00","441.12","29.78M","1.20"
"Nov 16, 2016","441.90","448.20","448.70","433.45","28.71M","-0.65"
"Nov 15, 2016","444.80","439.45","447.10","433.45","33.76M","2.62"
"Nov 14, 2016","433.45","438.40","439.85","432.15","41.75M","-0.44"
"Nov 11, 2016","435.35","450.35","451.15","434.15","33.74M","-3.02"
"Nov 10, 2016","448.90","453.75","460.95","448.25","49.21M","-2.01"
"Nov 09, 2016","458.10","443.05","458.10","441.00","37.85M","0.34"
"Nov 08, 2016","456.55","453.90","457.50","452.00","21.65M","0.68"
"Nov 07, 2016","453.45","454.90","455.00","450.00","28.33M","1.57"
"Nov 04, 2016","446.45","450.00","451.35","443.10","28.87M","-1.09"
"Nov 03, 2016","451.35","459.30","463.60","450.80","38.14M","-1.30"
"Nov 02, 2016","457.30","463.55","475.53","456.70","46.21M","-1.03"
"Nov 01, 2016","462.05","479.00","483.70","460.40","54.95M","-4.48"
"Oct 31, 2016","483.70","486.40","487.80","482.30","29.39M","-1.72"
"Oct 28, 2016","492.15","491.20","492.35","483.45","43.44M","-0.27"
"Oct 27, 2016","493.50","486.55","493.50","484.05","34.72M","1.14"
"Oct 26, 2016","487.95","492.00","492.45","483.01","27.78M","-1.45"
"Oct 25, 2016","495.15","487.00","498.45","487.00","23.52M","1.68"
"Oct 24, 2016","486.95","494.00","496.35","486.95","19.83M","-1.18"
"Oct 21, 2016","492.75","489.60","493.70","488.02","25.95M","0.55"
"Oct 20, 2016","490.05","486.60","491.70","486.55","23.63M","-0.02"
"Oct 19, 2016","490.15","485.95","492.54","485.70","30.17M","0.87"
"Oct 18, 2016","485.90","489.00","491.65","485.20","25.65M","0.44"
"Oct 17, 2016","483.75","489.45","489.50","482.23","23.25M","-1.17"
"Oct 14, 2016","489.50","484.65","493.05","484.63","22.42M","0.93"
"Oct 13, 2016","485.00","482.90","494.00","480.85","45.07M","0.04"
"Oct 12, 2016","484.80","486.95","492.75","483.00","33.57M","-0.40"
"Oct 11, 2016","486.75","493.50","498.45","483.70","34.76M","-1.56"
"Oct 10, 2016","494.45","484.45","495.30","483.95","26.92M","1.74"
"Oct 07, 2016","486.00","476.30","486.65","474.00","46.99M","2.64"
"Oct 06, 2016","473.50","472.00","476.50","469.90","35.30M","0.32"
"Oct 05, 2016","472.00","466.90","472.00","465.35","42.00M","0.87"
"Oct 04, 2016","467.95","460.00","471.85","458.40","76.72M","2.08"
"Oct 03, 2016","458.40","450.85","459.30","449.45","26.84M","1.87"
"Sep 30, 2016","450.00","447.05","451.75","443.40","38.58M","-0.22"
"Sep 29, 2016","451.00","451.45","453.25","447.73","46.83M","4.34"
"Sep 28, 2016","432.25","430.00","436.10","430.00","26.76M","0.95"
"Sep 27, 2016","428.20","434.65","435.35","426.30","23.83M","-0.88"
"Sep 26, 2016","432.00","430.90","434.75","429.05","22.18M","-1.12"
"Sep 23, 2016","436.90","432.50","439.55","431.55","21.63M","0.53"
"Sep 22, 2016","434.60","428.35","438.95","428.35","34.05M","2.43"
"Sep 21, 2016","424.30","426.40","428.45","422.75","21.92M","0.08"
"Sep 20, 2016","423.95","425.05","427.50","422.50","18.24M","-0.55"
"Sep 19, 2016","426.30","424.10","430.70","424.10","25.18M","1.40"
"Sep 16, 2016","420.40","421.40","421.65","411.60","72.20M","-0.18"
"Sep 15, 2016","421.15","416.35","421.56","413.45","32.07M","0.87"
"Sep 14, 2016","417.50","421.70","424.65","417.40","26.75M","-0.73"
"Sep 13, 2016","420.55","430.05","431.50","420.10","36.86M","-1.90"
"Sep 12, 2016","428.70","427.05","432.98","423.00","29.24M","-0.80"
"Sep 09, 2016","432.15","435.85","437.05","429.70","20.68M","-1.14"
"Sep 08, 2016","437.15","434.00","438.95","432.40","21.84M","0.88"
"Sep 07, 2016","433.35","428.90","434.80","428.90","23.94M","1.33"
"Sep 06, 2016","427.65","435.65","437.30","425.75","23.01M","-1.64"
"Sep 05, 2016","434.80","432.20","439.70","430.41","28.80M","0.88"
"Sep 02, 2016","431.00","419.75","434.00","418.45","44.12M","2.93"
"Sep 01, 2016","418.75","427.65","428.80","416.50","27.33M","-2.14"
"Aug 31, 2016","427.90","432.90","434.10","426.90","35.95M","-1.34"
"Aug 30, 2016","433.70","433.65","434.85","430.20","34.06M","-0.26"
"Aug 26, 2016","434.85","431.05","435.90","430.20","23.99M","0.66"
"Aug 25, 2016","432.00","429.40","434.21","424.98","28.01M","0.70"
"Aug 24, 2016","429.00","426.00","431.30","425.10","27.41M","0.09"
"Aug 23, 2016","428.60","428.35","431.50","427.35","21.44M","0.16"
"Aug 22, 2016","427.90","433.85","435.09","426.15","26.36M","-1.48"
"Aug 19, 2016","434.35","436.45","438.54","433.85","22.91M","-0.28"
"Aug 18, 2016","435.55","436.00","436.85","431.73","21.75M","0.65"
"Aug 17, 2016","432.75","438.00","439.95","430.85","24.80M","-0.80"
"Aug 16, 2016","436.25","436.00","440.30","434.36","28.32M","-0.14"
"Aug 15, 2016","436.85","431.95","438.68","431.05","25.68M","0.96"
"Aug 12, 2016","432.70","435.40","437.75","428.18","39.00M","0.09"
"Aug 11, 2016","432.30","423.70","432.30","419.25","30.14M","2.20"
"Aug 10, 2016","423.00","423.25","425.95","421.10","26.56M","-0.52"
"Aug 09, 2016","425.20","421.80","428.35","419.20","27.15M","0.72"
"Aug 08, 2016","422.15","421.20","422.65","417.20","29.75M","0.67"
"Aug 05, 2016","419.35","416.50","423.38","416.35","41.39M","0.72"
"Aug 04, 2016","416.35","414.70","419.40","408.63","41.14M","0.33"
"Aug 03, 2016","415.00","414.80","417.60","410.64","31.62M","0.27"
"Aug 02, 2016","413.90","417.55","419.75","412.90","40.98M","-1.06"
"Aug 01, 2016","418.35","431.80","433.10","418.35","39.88M","-1.99"
"Jul 29, 2016","426.85","426.50","428.10","421.60","36.88M","0.05"
"Jul 28, 2016","426.65","437.25","437.50","426.65","47.40M","-1.70"
"Jul 27, 2016","434.05","435.50","442.15","429.20","31.59M","-0.13"
"Jul 26, 2016","434.60","430.00","438.00","426.20","43.63M","-1.31"
"Jul 25, 2016","440.35","451.45","453.60","439.15","28.72M","-2.60"
"Jul 22, 2016","452.10","448.70","453.00","446.86","20.13M","0.29"
"Jul 21, 2016","450.80","451.00","452.60","448.00","21.97M","-0.09"
"Jul 20, 2016","451.20","455.00","455.45","447.30","20.02M","-0.35"
"Jul 19, 2016","452.80","447.40","453.85","445.65","19.88M","0.78"
"Jul 18, 2016","449.30","455.85","456.40","449.30","22.63M","-1.72"
"Jul 15, 2016","457.15","452.00","457.15","450.68","32.15M","0.55"
"Jul 14, 2016","454.65","460.00","463.40","454.65","34.16M","-0.23"
"Jul 13, 2016","455.70","459.25","464.40","455.70","42.47M","-1.32"
"Jul 12, 2016","461.80","456.80","463.78","453.00","40.62M","0.61"
"Jul 11, 2016","459.00","459.85","460.00","453.80","30.24M","0.44"
"Jul 08, 2016","457.00","454.30","458.05","445.80","35.29M","0.82"
"Jul 07, 2016","453.30","451.55","458.55","451.40","37.23M","0.87"
"Jul 06, 2016","449.40","452.85","459.15","442.05","53.76M","-0.92"
"Jul 05, 2016","453.55","446.00","453.80","440.10","49.06M","1.51"
"Jul 04, 2016","446.80","445.40","450.00","443.87","25.60M","0.31"
"Jul 01, 2016","445.40","441.00","445.85","437.01","46.24M","1.65"
"Jun 30, 2016","438.15","425.05","438.15","421.85","56.44M","3.14"
"Jun 29, 2016","424.80","410.00","424.80","409.29","52.71M","5.03"
"Jun 28, 2016","404.45","401.10","407.55","385.00","44.80M","2.41"
"Jun 27, 2016","394.95","393.70","401.55","391.80","60.98M","0.33"
"Jun 24, 2016","393.65","363.00","399.00","355.00","93.17M","1.73"
"Jun 23, 2016","386.95","385.00","389.35","381.65","29.09M","0.93"
"Jun 22, 2016","383.40","384.75","388.20","382.25","35.05M","0.29"
"Jun 21, 2016","382.30","376.70","384.75","374.70","32.14M","0.88"
"Jun 20, 2016","378.95","377.55","383.05","376.20","37.56M","1.55"
"Jun 17, 2016","373.15","368.90","375.82","364.85","61.27M","2.27"
"Jun 16, 2016","364.85","364.00","368.12","359.90","47.33M","1.49"
"Jun 15, 2016","359.50","359.55","362.50","356.85","42.21M","0.36"
"Jun 14, 2016","358.20","367.00","370.25","357.70","45.55M","-2.90"
"Jun 13, 2016","368.90","366.30","371.10","365.85","24.58M","-0.50"
"Jun 10, 2016","370.75","372.60","373.21","367.60","27.45M","-0.91"
"Jun 09, 2016","374.15","375.50","376.05","369.55","28.64M","-0.64"
"Jun 08, 2016","376.55","372.70","378.65","371.35","31.87M","0.88"
"Jun 07, 2016","373.25","370.20","374.50","369.55","30.37M","1.32"
"Jun 06, 2016","368.40","362.70","369.85","362.55","36.29M","2.75"
"Jun 03, 2016","358.55","356.80","362.70","356.05","35.70M","1.54"
"Jun 02, 2016","353.10","355.45","358.85","351.85","40.72M","-0.14"
"Jun 01, 2016","353.60","355.15","357.76","349.35","32.10M","-1.02"
"May 31, 2016","357.25","362.10","362.90","353.76","48.36M","-1.30"
"May 27, 2016","361.95","364.65","364.90","359.45","26.82M","-0.69"
"May 26, 2016","364.45","366.90","369.60","362.50","32.89M","-0.42"
"May 25, 2016","366.00","361.90","366.25","359.77","35.94M","2.29"
"May 24, 2016","357.80","356.15","359.85","355.55","33.88M","0.08"
"May 23, 2016","357.50","360.55","362.20","356.45","24.52M","-1.11"
"May 20, 2016","361.50","360.95","363.60","358.33","33.90M","1.54"
"May 19, 2016","356.00","362.20","362.95","355.00","36.10M","-2.36"
"May 18, 2016","364.60","364.70","367.35","361.85","27.24M","-0.46"
"May 17, 2016","366.30","367.20","370.15","363.60","30.25M","0.08"
"May 16, 2016","366.00","362.50","367.65","360.00","17.12M","0.97"
"May 13, 2016","362.50","358.20","363.05","356.40","24.66M","0.67"
"May 12, 2016","360.10","359.30","367.75","357.10","38.81M","-0.30"
"May 11, 2016","361.20","357.00","362.10","354.35","29.10M","1.02"
"May 10, 2016","357.55","354.45","359.50","352.30","34.59M","1.72"
"May 09, 2016","351.50","359.95","370.00","351.30","34.24M","-2.58"
"May 06, 2016","360.80","357.00","362.00","350.75","32.57M","0.68"
"May 05, 2016","358.35","357.85","365.18","356.95","27.44M","-1.16"
"May 04, 2016","362.55","366.20","369.65","361.75","36.87M","-1.59"
"May 03, 2016","368.40","375.75","377.50","366.65","37.48M","-1.43"
"Apr 29, 2016","373.75","379.00","380.45","373.75","37.82M","-2.24"
"Apr 28, 2016","382.30","381.10","388.40","375.70","33.23M","-0.04"
"Apr 27, 2016","382.45","380.00","384.95","376.65","53.29M","1.74"
"Apr 26, 2016","375.90","370.00","380.77","365.00","58.75M","4.32"
"Apr 25, 2016","360.35","368.50","368.50","358.00","36.40M","-2.16"
"Apr 22, 2016","368.30","366.30","368.60","353.23","34.09M","-0.08"
"Apr 21, 2016","368.60","366.10","369.96","365.55","40.13M","1.36"
"Apr 20, 2016","363.65","361.00","364.50","357.85","33.26M","0.19"
"Apr 19, 2016","362.95","358.75","364.30","355.93","43.29M","2.01"
"Apr 18, 2016","355.80","348.95","358.05","342.00","45.18M","-0.04"
"Apr 15, 2016","355.95","360.00","360.85","351.80","40.03M","-0.73"
"Apr 14, 2016","358.55","365.45","365.90","357.60","57.11M","-1.89"
"Apr 13, 2016","365.45","362.00","367.40","361.31","60.62M","2.38"
"Apr 12, 2016","356.95","352.00","358.40","349.80","30.38M","1.45"
"Apr 11, 2016","351.85","351.30","353.70","348.55","25.61M","0.43"
"Apr 08, 2016","350.35","342.85","350.90","342.73","32.69M","3.26"
"Apr 07, 2016","339.30","341.15","344.00","337.89","28.45M","-0.07"
"Apr 06, 2016","339.55","338.36","341.85","335.45","31.50M","0.62"
"Apr 05, 2016","337.45","346.70","346.70","335.07","41.79M","-2.10"
"Apr 04, 2016","344.70","342.90","348.60","341.90","24.80M","0.26"
"Apr 01, 2016","343.80","346.40","352.21","338.19","42.26M","-1.81"
"Mar 31, 2016","350.15","355.80","356.92","350.05","34.30M","-1.52"
"Mar 30, 2016","355.55","348.30","360.60","348.30","39.37M","2.82"
"Mar 29, 2016","345.80","354.45","357.27","343.95","33.44M","-2.14"
"Mar 24, 2016","353.35","353.30","355.25","347.55","28.19M","-0.77"
"Mar 23, 2016","356.10","360.20","361.60","353.90","24.29M","-1.29"
"Mar 22, 2016","360.75","357.00","362.20","354.85","33.41M","1.28"
"Mar 21, 2016","356.20","354.95","360.65","352.50","24.89M","-0.22"
"Mar 18, 2016","357.00","359.40","362.55","356.95","49.40M","-0.72"
"Mar 17, 2016","359.60","355.20","360.40","342.20","38.94M","2.71"
"Mar 16, 2016","350.10","346.00","354.45","344.30","36.69M","2.37"
"Mar 15, 2016","342.00","342.00","344.35","339.90","32.41M","-1.00"
"Mar 14, 2016","345.45","349.45","353.10","335.62","34.98M","-0.85"
"Mar 11, 2016","348.40","349.00","355.80","344.80","47.28M","1.52"
"Mar 10, 2016","343.20","354.95","356.65","343.15","64.76M","-3.60"
"Mar 09, 2016","356.00","350.80","357.45","350.45","51.70M","0.51"
"Mar 08, 2016","354.20","363.90","364.45","351.15","45.98M","-3.10"
"Mar 07, 2016","365.55","365.05","368.35","355.75","50.12M","-0.64"
"Mar 04, 2016","367.90","365.00","371.15","360.90","37.22M","1.63"
"Mar 03, 2016","362.00","355.00","364.70","352.38","53.94M","2.58"
"Mar 02, 2016","352.90","353.00","353.90","346.10","35.48M","0.64"
"Mar 01, 2016","350.65","351.00","355.35","347.95","30.37M","-0.23"
"Feb 29, 2016","351.45","347.00","351.55","344.65","42.28M","0.54"
"Feb 26, 2016","349.55","343.30","351.50","341.60","40.43M","3.28"
"Feb 25, 2016","338.45","339.55","346.49","336.25","36.59M","1.03"
"Feb 24, 2016","335.00","343.15","344.05","332.56","58.52M","-3.00"
"Feb 23, 2016","345.35","354.00","354.60","344.15","39.48M","-3.17"
"Feb 22, 2016","356.65","347.60","358.90","347.60","30.66M","3.90"
"Feb 19, 2016","343.25","345.25","351.00","341.00","25.00M","-0.62"
"Feb 18, 2016","345.40","351.00","352.30","310.00","40.43M","-1.27"
"Feb 17, 2016","349.85","336.05","350.95","335.15","53.92M","3.69"
"Feb 16, 2016","337.40","341.25","348.25","334.28","58.75M","1.38"
"Feb 15, 2016","332.80","339.60","339.85","331.75","29.00M","0.09"
"Feb 12, 2016","332.50","317.00","332.83","316.11","56.32M","7.17"
"Feb 11, 2016","310.25","319.70","321.09","309.10","49.12M","-6.01"
"Feb 10, 2016","330.10","335.20","337.70","326.35","39.23M","-1.30"
"Feb 09, 2016","334.45","344.50","347.70","334.45","44.76M","-2.75"
"Feb 08, 2016","343.90","352.90","353.40","337.85","49.70M","-1.92"
"Feb 05, 2016","350.65","350.00","356.55","345.40","34.06M","-0.06"
"Feb 04, 2016","350.85","341.00","354.40","338.20","60.93M","5.57"
"Feb 03, 2016","332.35","332.35","337.10","324.55","56.05M","-0.82"
"Feb 02, 2016","335.10","348.10","349.80","330.10","85.37M","-8.68"
"Feb 01, 2016","366.95","379.45","381.80","359.70","57.15M","-2.43"
"Jan 29, 2016","376.10","376.05","377.80","366.90","56.50M","2.08"
"Jan 28, 2016","368.45","362.50","378.80","360.85","62.41M","1.53"
"Jan 27, 2016","362.90","356.00","362.90","349.95","41.41M","1.80"
"Jan 26, 2016","356.50","342.20","357.80","338.00","42.09M","1.81"
"Jan 25, 2016","350.15","352.80","353.43","343.05","47.28M","-0.72"
"Jan 22, 2016","352.70","350.85","357.80","347.45","48.16M","3.05"
"Jan 21, 2016","342.25","328.60","344.15","326.05","53.45M","4.30"
"Jan 20, 2016","328.15","333.70","336.20","325.10","63.28M","-4.18"
"Jan 19, 2016","342.45","346.30","351.45","339.65","42.39M","0.57"
"Jan 18, 2016","340.50","336.65","347.35","333.10","41.70M","0.69"
"Jan 15, 2016","338.15","349.30","349.65","335.55","53.84M","-2.75"
"Jan 14, 2016","347.70","332.20","353.10","330.35","61.22M","3.53"
"Jan 13, 2016","335.85","327.10","342.10","325.00","55.59M","3.95"
"Jan 12, 2016","323.10","328.00","336.90","322.40","46.00M","-1.51"
"Jan 11, 2016","328.05","329.05","336.00","327.35","36.48M","-0.20"
"Jan 08, 2016","328.70","339.70","339.71","328.70","38.65M","-2.67"
"Jan 07, 2016","337.70","337.00","339.40","324.60","59.01M","-1.67"
"Jan 06, 2016","343.45","350.40","352.02","339.10","28.97M","-1.35"
"Jan 05, 2016","348.15","349.00","352.50","343.50","23.38M","0.17"
"Jan 04, 2016","347.55","351.25","353.45","343.80","30.12M","-1.82"
"Dec 31, 2015","354.00","355.00","356.35","352.61","6.94M","-0.32"
"Dec 30, 2015","355.15","358.00","358.00","353.90","17.52M","-1.55"
"Dec 29, 2015","360.75","357.15","362.85","356.85","25.25M","-1.42"
"Dec 24, 2015","365.95","363.90","366.30","362.95","7.16M","1.54"
"Dec 23, 2015","360.40","348.10","360.85","347.95","34.90M","4.48"
"Dec 22, 2015","344.95","342.00","345.30","338.40","24.47M","2.91"
"Dec 21, 2015","335.20","339.50","345.00","335.20","27.12M","-1.21"
"Dec 18, 2015","339.30","338.05","345.30","336.35","44.72M","-0.31"
"Dec 17, 2015","340.35","345.20","345.80","339.70","30.54M","0.04"
"Dec 16, 2015","340.20","340.00","346.65","339.40","34.99M","0.74"
"Dec 15, 2015","337.70","330.50","340.25","330.50","40.86M","2.55"
"Dec 14, 2015","329.30","338.45","340.00","328.80","39.30M","-2.57"
"Dec 11, 2015","338.00","349.50","351.25","337.10","32.32M","-3.69"
"Dec 10, 2015","350.95","351.80","354.70","348.55","29.93M","0.14"
"Dec 09, 2015","350.45","348.75","356.85","343.90","35.09M","0.76"
"Dec 08, 2015","347.80","344.80","352.75","340.00","39.78M","0.06"
"Dec 07, 2015","347.60","356.25","358.20","346.60","32.31M","-3.36"
"Dec 04, 2015","359.70","369.10","375.25","356.80","37.02M","-2.40"
"Dec 03, 2015","368.55","380.60","382.30","368.37","39.16M","-3.52"
"Dec 02, 2015","382.00","382.75","386.20","380.35","32.00M","-0.66"
"Dec 01, 2015","384.55","386.35","387.48","382.25","20.88M","-0.18"
"Nov 30, 2015","385.25","384.80","389.00","383.20","40.10M","-0.34"
"Nov 27, 2015","386.55","387.45","388.35","385.10","19.86M","-0.78"
"Nov 26, 2015","389.60","386.10","390.90","385.30","20.48M","0.91"
"Nov 25, 2015","386.10","386.70","389.35","382.15","26.26M","0.05"
"Nov 24, 2015","385.90","380.70","387.00","377.80","33.09M","1.35"
"Nov 23, 2015","380.75","375.00","385.85","372.70","29.63M","-0.14"
"Nov 20, 2015","381.30","384.70","385.65","379.65","32.15M","-1.00"
"Nov 19, 2015","385.15","384.10","389.95","381.95","30.06M","0.69"
"Nov 18, 2015","382.50","375.00","384.90","373.11","33.87M","1.04"
"Nov 17, 2015","378.55","377.95","380.20","374.50","32.87M","2.69"
"Nov 16, 2015","368.65","362.35","373.10","362.35","28.73M","1.14"
"Nov 13, 2015","364.50","365.95","369.80","360.35","27.35M","-0.75"
"Nov 12, 2015","367.25","376.40","379.15","367.10","32.43M","-2.82"
"Nov 11, 2015","377.90","383.80","384.55","376.95","23.08M","-1.20"
"Nov 10, 2015","382.50","385.15","386.85","381.05","25.36M","-0.03"
"Nov 09, 2015","382.60","386.20","392.30","382.60","24.68M","-1.01"
"Nov 06, 2015","386.50","389.20","395.05","384.80","31.36M","-1.01"
"Nov 05, 2015","390.45","393.10","395.90","387.25","30.48M","-2.89"
"Nov 04, 2015","402.05","402.90","411.50","401.70","45.56M","-0.30"
"Nov 03, 2015","403.25","389.70","403.25","386.55","46.09M","3.86"
"Nov 02, 2015","388.25","386.40","389.20","380.85","20.45M","0.48"
"Oct 30, 2015","386.40","393.05","393.95","383.60","31.70M","-1.35"
"Oct 29, 2015","391.70","390.85","392.90","382.20","34.56M","0.18"
"Oct 28, 2015","391.00","382.65","393.15","377.45","38.51M","2.89"
"Oct 27, 2015","380.00","390.00","392.87","376.75","44.46M","-1.14"
"Oct 26, 2015","384.40","386.75","389.25","382.50","22.65M","-0.95"
"Oct 23, 2015","388.10","391.90","395.05","385.90","26.36M","-0.12"
"Oct 22, 2015","388.55","381.00","390.45","380.55","37.36M","2.00"
"Oct 21, 2015","380.95","378.65","385.40","375.20","33.07M","1.17"
"Oct 20, 2015","376.55","376.80","378.20","370.95","23.32M","-0.19"
"Oct 19, 2015","377.25","383.65","387.00","375.55","19.03M","-1.76"
"Oct 16, 2015","384.00","383.00","389.85","382.10","24.50M","1.15"
"Oct 15, 2015","379.65","381.45","386.35","379.60","29.20M","0.53"
"Oct 14, 2015","377.65","379.30","383.55","375.30","26.91M","-1.33"
"Oct 13, 2015","382.75","383.10","384.90","376.25","29.37M","-0.53"
"Oct 12, 2015","384.80","390.75","393.30","383.55","25.52M","-1.74"
"Oct 09, 2015","391.60","390.40","397.30","390.35","34.63M","0.68"
"Oct 08, 2015","388.95","384.75","389.70","380.40","33.19M","0.50"
"Oct 07, 2015","387.00","377.50","393.85","376.90","67.36M","2.35"
"Oct 06, 2015","378.10","370.60","379.00","362.30","39.38M","2.74"
"Oct 05, 2015","368.00","359.85","369.15","356.05","44.44M","4.71"
"Oct 02, 2015","351.45","342.70","353.00","341.80","43.17M","2.69"
"Oct 01, 2015","342.25","339.05","349.85","339.05","46.50M","2.47"
"Sep 30, 2015","334.00","329.95","334.00","328.00","36.23M","2.39"
"Sep 29, 2015","326.20","319.90","330.00","319.90","31.38M","0.98"
"Sep 28, 2015","323.05","333.60","335.20","322.98","23.46M","-3.08"
"Sep 25, 2015","333.30","329.15","334.80","328.27","32.19M","3.22"
"Sep 24, 2015","322.90","327.30","327.35","321.70","32.53M","-1.99"
"Sep 23, 2015","329.45","326.50","334.11","325.90","29.37M","1.31"
"Sep 22, 2015","325.20","334.65","334.65","321.85","44.33M","-2.50"
"Sep 21, 2015","333.55","331.00","336.40","330.10","28.37M","0.03"
"Sep 18, 2015","333.45","343.85","347.36","329.55","75.44M","-3.54"
"Sep 17, 2015","345.70","345.40","346.78","342.90","48.62M","-0.04"
"Sep 16, 2015","345.85","339.60","347.15","337.25","33.79M","2.11"
"Sep 15, 2015","338.70","333.65","339.95","328.45","39.83M","2.02"
"Sep 14, 2015","332.00","335.90","339.50","329.75","26.57M","-0.45"
"Sep 11, 2015","333.50","337.15","339.45","333.05","27.50M","-0.54"
"Sep 10, 2015","335.30","339.80","342.05","333.05","44.68M","-2.10"
"Sep 09, 2015","342.50","345.30","347.55","341.95","29.53M","0.68"
"Sep 08, 2015","340.20","339.10","346.60","338.10","45.80M","1.25"
"Sep 07, 2015","336.00","339.80","345.70","335.54","20.93M","-0.56"
"Sep 04, 2015","337.90","350.00","350.80","334.89","48.71M","-5.04"
"Sep 03, 2015","355.85","351.00","358.75","348.50","40.38M","3.06"
"Sep 02, 2015","345.30","349.00","353.00","341.99","46.15M","-1.17"
"Sep 01, 2015","349.40","358.45","363.75","347.30","55.29M","-3.08"
"Aug 28, 2015","360.50","355.00","360.80","348.85","47.12M","2.65"
"Aug 27, 2015","351.20","337.70","354.14","333.70","53.79M","6.04"
"Aug 26, 2015","331.20","330.95","339.90","327.45","66.94M","-1.24"
"Aug 25, 2015","335.35","335.70","338.80","332.65","89.79M","1.30"
"Aug 24, 2015","331.05","345.15","362.85","326.25","72.82M","-7.32"
"Aug 21, 2015","357.20","363.80","369.18","357.20","35.80M","-3.35"
"Aug 20, 2015","369.60","365.10","374.85","362.55","38.49M","0.57"
"Aug 19, 2015","367.50","373.50","373.50","366.40","30.15M","-1.67"
"Aug 18, 2015","373.75","378.30","379.80","373.05","21.50M","-1.16"
"Aug 17, 2015","378.15","380.00","381.00","374.15","22.66M","-0.29"
"Aug 14, 2015","379.25","380.20","382.45","377.10","29.73M","-1.02"
"Aug 13, 2015","383.15","389.30","391.75","382.25","31.29M","-0.12"
"Aug 12, 2015","383.60","384.17","384.80","376.20","46.45M","0.81"
"Aug 11, 2015","380.50","385.55","390.10","380.46","31.21M","-1.30"
"Aug 10, 2015","385.50","386.40","387.70","379.50","65.92M","-0.03"
"Aug 07, 2015","385.60","384.40","391.01","383.80","38.21M","0.63"
"Aug 06, 2015","383.20","386.00","386.00","380.15","36.16M","-3.00"
"Aug 05, 2015","395.05","390.00","397.35","388.95","29.02M","1.19"
"Aug 04, 2015","390.40","389.95","392.70","385.75","46.57M","-0.27"
"Aug 03, 2015","391.45","392.70","395.40","387.20","38.98M","-1.01"
"Jul 31, 2015","395.45","402.90","402.90","392.40","34.34M","-1.38"
"Jul 30, 2015","401.00","399.00","405.85","397.60","35.40M","0.60"
"Jul 29, 2015","398.60","396.05","399.10","391.65","48.66M","1.52"
"Jul 28, 2015","392.65","385.00","396.78","383.00","44.69M","1.38"
"Jul 27, 2015","387.30","393.60","396.40","384.15","33.48M","-1.87"
"Jul 24, 2015","394.70","401.70","402.60","394.10","33.65M","-1.57"
"Jul 23, 2015","401.00","405.40","407.05","400.10","37.23M","-1.38"
"Jul 22, 2015","406.60","412.80","413.35","406.59","28.93M","-1.79"
"Jul 21, 2015","414.00","417.10","417.15","412.35","27.28M","-0.62"
"Jul 20, 2015","416.60","418.00","420.65","415.55","18.05M","-0.08"
"Jul 17, 2015","416.95","422.35","422.43","415.45","24.83M","-1.20"
"Jul 16, 2015","422.00","428.00","428.00","421.10","27.71M","-1.19"
"Jul 15, 2015","427.10","429.35","432.47","425.85","23.38M","-0.48"
"Jul 14, 2015","429.15","427.35","430.95","424.15","27.45M","0.08"
"Jul 13, 2015","428.80","433.25","433.25","425.00","21.03M","0.42"
"Jul 10, 2015","427.00","431.20","432.15","423.25","29.51M","0.22"
"Jul 09, 2015","426.05","426.15","428.95","421.90","29.59M","0.67"
"Jul 08, 2015","423.20","420.05","426.25","419.20","27.70M","1.11"
"Jul 07, 2015","418.55","428.00","429.85","416.80","41.70M","-2.55"
"Jul 06, 2015","429.50","429.65","434.65","428.30","27.12M","-1.13"
"Jul 03, 2015","434.40","439.00","445.05","432.55","34.96M","-0.69"
"Jul 02, 2015","437.40","420.70","441.45","419.35","66.37M","4.35"
"Jul 01, 2015","419.15","425.00","425.80","417.99","30.74M","-0.24"
"Jun 30, 2015","420.15","427.60","427.60","420.15","32.72M","-1.73"
"Jun 29, 2015","427.55","428.80","434.05","427.15","27.76M","-2.29"
"Jun 26, 2015","437.55","442.40","443.05","437.05","20.29M","-1.07"
"Jun 25, 2015","442.30","443.25","447.50","440.15","22.13M","0.05"
"Jun 24, 2015","442.10","438.85","444.65","436.55","21.19M","0.72"
"Jun 23, 2015","438.95","439.60","440.75","436.20","17.45M","-0.10"
"Jun 22, 2015","439.40","436.05","439.65","434.55","21.64M","1.87"
"Jun 19, 2015","431.35","432.60","436.55","429.65","41.74M","-0.71"
"Jun 18, 2015","434.45","435.10","435.10","430.68","22.91M","-0.13"
"Jun 17, 2015","435.00","433.50","440.35","432.00","25.69M","0.60"
"Jun 16, 2015","432.40","446.64","446.64","429.30","36.46M","-0.61"
"Jun 15, 2015","435.05","436.00","439.05","430.94","21.33M","-0.58"
"Jun 12, 2015","437.60","443.75","445.90","436.40","28.39M","-2.06"
"Jun 11, 2015","446.80","443.65","449.20","442.54","26.77M","0.73"
"Jun 10, 2015","443.55","440.00","444.01","439.75","29.43M","0.50"
"Jun 09, 2015","441.35","443.50","444.00","438.15","19.25M","-0.12"
"Jun 08, 2015","441.90","445.97","445.97","437.70","19.90M","-0.33"
"Jun 05, 2015","443.35","438.50","446.00","435.40","28.79M","0.73"
"Jun 04, 2015","440.15","447.65","447.65","439.85","26.39M","-2.09"
"Jun 03, 2015","449.55","450.00","453.55","447.20","27.03M","-0.09"
"Jun 02, 2015","449.95","450.00","456.02","442.25","27.66M","0.57"
"Jun 01, 2015","447.40","452.25","454.30","446.60","25.07M","-0.74"
"May 29, 2015","450.75","449.64","456.90","449.64","33.98M","-0.56"
"May 28, 2015","453.30","453.05","454.95","449.40","19.78M","-0.24"
"May 27, 2015","454.40","452.00","457.15","450.40","23.28M","0.60"
"May 26, 2015","451.70","457.75","458.50","449.25","28.74M","-1.32"
"May 22, 2015","457.75","458.90","461.65","456.75","22.68M","-0.05"
"May 21, 2015","458.00","450.90","458.60","450.60","28.50M","1.31"
"May 20, 2015","452.10","456.60","456.60","445.55","26.46M","-0.06"
"May 19, 2015","452.35","454.50","457.60","448.09","28.68M","0.01"
"May 18, 2015","452.30","450.65","456.40","449.20","26.64M","-0.02"
"May 15, 2015","452.40","467.31","467.31","449.98","26.02M","-0.96"
"May 14, 2015","456.80","466.31","466.34","451.10","19.55M","0.18"
"May 13, 2015","456.00","456.00","461.40","453.80","27.42M","-0.01"
"May 12, 2015","456.05","454.15","458.65","451.20","40.56M","-0.36"
"May 11, 2015","457.70","460.55","466.90","457.35","26.39M","-0.78"
"May 08, 2015","461.30","461.45","464.25","458.10","33.88M","0.92"
"May 07, 2015","457.10","466.45","467.35","454.40","42.65M","-3.42"
"May 06, 2015","473.30","473.60","476.35","469.00","34.46M","-0.35"
"May 05, 2015","474.95","471.60","481.85","471.05","44.58M","1.36"
"May 01, 2015","468.60","469.50","469.95","466.35","18.68M","-0.32"
"Apr 30, 2015","470.10","470.10","472.85","466.10","38.34M","0.42"
"Apr 29, 2015","468.15","473.45","475.95","465.20","40.36M","-1.67"
"Apr 28, 2015","476.10","480.00","485.85","471.05","64.85M","-0.17"
"Apr 27, 2015","476.90","477.35","478.90","471.20","32.69M","-0.31"
"Apr 24, 2015","478.40","484.15","487.50","477.10","36.57M","-1.19"
"Apr 23, 2015","484.15","481.35","485.35","480.25","26.14M","0.92"
"Apr 22, 2015","479.75","480.45","484.20","475.00","29.21M","-0.05"
"Apr 21, 2015","480.00","482.45","487.40","479.67","43.28M","-0.70"
"Apr 20, 2015","483.40","479.75","484.55","479.12","30.15M","0.84"
"Apr 17, 2015","479.35","474.40","480.00","473.50","49.27M","1.25"
"Apr 16, 2015","473.45","479.10","479.60","470.85","36.99M","-0.49"
"Apr 15, 2015","475.80","470.50","479.17","469.50","41.54M","1.03"
"Apr 14, 2015","470.95","468.00","472.35","466.80","30.90M","-0.01"
"Apr 13, 2015","471.00","470.20","472.45","465.10","25.65M","-0.26"
"Apr 10, 2015","472.25","465.95","473.10","462.49","29.88M","1.84"
"Apr 09, 2015","463.70","460.09","463.70","450.35","43.84M","1.40"
"Apr 08, 2015","457.30","468.30","476.35","456.70","85.53M","0.54"
"Apr 07, 2015","454.85","450.00","457.30","446.25","36.22M","2.71"
"Apr 02, 2015","442.85","442.28","445.02","438.00","20.90M","0.17"
"Apr 01, 2015","442.10","437.80","445.15","437.25","25.01M","1.24"
"Mar 31, 2015","436.70","447.45","448.10","418.74","37.36M","-2.11"
"Mar 30, 2015","446.10","446.35","448.10","443.12","28.63M","0.56"
"Mar 27, 2015","443.60","445.65","447.45","438.25","31.46M","-0.56"
"Mar 26, 2015","446.10","449.00","458.95","444.30","49.18M","-0.50"
"Mar 25, 2015","448.35","442.50","449.80","440.07","25.05M","0.95"
"Mar 24, 2015","444.15","447.15","449.90","444.15","29.40M","-0.84"
"Mar 23, 2015","447.90","431.78","450.40","431.78","28.84M","-0.69"
"Mar 20, 2015","451.00","442.00","451.00","436.95","107.73M","2.29"
"Mar 19, 2015","440.90","438.00","441.90","434.40","37.21M","1.10"
"Mar 18, 2015","436.10","425.15","436.10","423.40","40.01M","2.39"
"Mar 17, 2015","425.90","419.40","426.50","404.05","41.98M","1.99"
"Mar 16, 2015","417.60","421.60","421.95","413.75","30.32M","-0.16"
"Mar 13, 2015","418.25","426.20","427.60","415.99","29.67M","-1.78"
"Mar 12, 2015","425.85","426.45","434.21","424.75","32.32M","0.16"
"Mar 11, 2015","425.15","430.85","433.86","423.30","28.90M","-0.69"
"Mar 10, 2015","428.10","444.90","445.50","428.10","36.73M","-3.95"
"Mar 09, 2015","445.70","445.15","448.35","432.25","26.52M","-0.29"
"Mar 06, 2015","447.00","451.00","452.00","441.96","32.46M","-1.24"
"Mar 05, 2015","452.60","445.13","454.30","445.13","26.61M","0.34"
"Mar 04, 2015","451.05","453.00","453.25","446.69","38.27M","0.55"
"Mar 03, 2015","448.60","448.15","450.75","446.25","31.71M","0.44"
"Mar 02, 2015","446.65","447.70","449.50","442.80","26.29M","-0.31"
"Feb 27, 2015","448.05","447.10","449.80","445.40","30.31M","0.01"
"Feb 26, 2015","448.00","449.20","452.70","446.00","24.95M","-0.31"
"","","","","","",""
"","Highest:536.20","Lowest:309.10","Difference:227.10","Average:432.18","Change %:6.93"
